{"cameraMode":{"drawMode":0,"name":"Shaded","section":"Shading Mode"},"sceneLighting":true,"audioPlay":false,"sceneViewState":{"m_AlwaysRefresh":false,"showFog":true,"showSkybox":true,"showFlares":true,"showImageEffects":true,"showParticleSystems":true,"showVisualEffectGraphs":true,"m_FxEnabled":true},"in2DMode":false,"pivot":{"x":-102.61927795410156,"y":32.88482666015625,"z":420.96270751953127},"rotation":{"x":0.008658377453684807,"y":0.9699961543083191,"z":-0.034935127943754199,"w":0.24046117067337037},"size":69.66930389404297,"orthographic":false}