{"cameraMode":{"drawMode":0,"name":"Shaded","section":"Shading Mode"},"sceneLighting":true,"audioPlay":false,"sceneViewState":{"m_AlwaysRefresh":false,"showFog":true,"showSkybox":true,"showFlares":true,"showImageEffects":true,"showParticleSystems":true,"showVisualEffectGraphs":true,"m_FxEnabled":true},"in2DMode":false,"pivot":{"x":-0.7937135696411133,"y":24.464962005615236,"z":67.42356872558594},"rotation":{"x":0.008658377453684807,"y":0.9699961543083191,"z":-0.034935127943754199,"w":0.24046117067337037},"size":18.626367568969728,"orthographic":false}